{
  "base_train_time": 285.6143264770508,
  "base_history": {
    "train_loss": [
      0.19130774735192943,
      0.1810404773831852,
      0.1787414964682203,
      0.1777075452275756,
      0.1768864762189427,
      0.17626007360110924,
      0.1755848283599305,
      0.17534953091687303,
      0.17563630200740768,
      0.17416135568202026,
      0.17406923832689844,
      0.17403537365115754,
      0.17363924300222378,
      0.1734913829259756,
      0.173116547614336,
      0.17385081331419752,
      0.17283969590576684,
      0.17248695712930304,
      0.17236736026418403,
      0.17260338123736343
    ],
    "val_auc": [
      0.8354421138300455,
      0.8360610184128456,
      0.8372916879512853,
      0.8369690463043995,
      0.8380585660456897,
      0.8377438222164599,
      0.8375228412784431,
      0.8370114101983066,
      0.837726067922369,
      0.8387731605872109,
      0.8375133638972558,
      0.8387208770343277,
      0.8380080831952321,
      0.8389861489337599,
      0.8389428057104633,
      0.8393668237447824,
      0.8390915058212919,
      0.839124108012576,
      0.8390725826501879,
      0.8390742885788016
    ],
    "val_acc": [
      0.9416933855836599,
      0.941752760954756,
      0.9411590072437953,
      0.9411590072437953,
      0.9406840042750267,
      0.9416340102125639,
      0.9412183826148913,
      0.9415152594703717,
      0.9414558840992756,
      0.9422277639235245,
      0.9412777579859875,
      0.9407433796461228,
      0.9413965087281796,
      0.9414558840992756,
      0.9419308870680442,
      0.9419308870680442,
      0.941752760954756,
      0.941812136325852,
      0.9416933855836599,
      0.941752760954756
    ],
    "elapsed": 285.0298545360565,
    "best_val_auc": 0.8393668237447824,
    "total_params": 305281,
    "trainable_params": 305281
  },
  "base_test_auc": 0.8358100867955546,
  "base_forget_acc": 0.9400687110319379,
  "base_forget_auc": 0.8528626036852233,
  "base_total_params": 305281,
  "baselines": {
    "full_retrain": {
      "forget_acc": 0.9401959536836748,
      "forget_auc": 0.8510712616369033,
      "forget_confidence": 0.058946430683135986,
      "retain_auc": 0.848717869578207,
      "test_auc": 0.8360101302872206,
      "kl_div": 0.00114725052844733,
      "js_divergence": NaN,
      "ece": 0.004303787689020575,
      "elapsed_sec": 192.41438150405884,
      "relearn_steps": 10,
      "delta_eo": null,
      "original_forget_acc": 0.9400687110319379,
      "elapsed": 192.41438150405884
    },
    "gradient_ascent": {
      "forget_acc": 0.9386690418628324,
      "forget_auc": 0.4535089155089526,
      "forget_confidence": 0.000737830123398453,
      "retain_auc": 0.47196747314274756,
      "test_auc": 0.46434803993722173,
      "kl_div": 0.22439374029636383,
      "js_divergence": 0.018462556424632383,
      "ece": 0.061305338563876516,
      "elapsed_sec": 14.810610294342041,
      "relearn_steps": 40,
      "delta_eo": null,
      "original_forget_acc": 0.9400687110319379,
      "elapsed": 14.810610294342041
    },
    "finetune_retain": {
      "forget_acc": 0.9404504389871485,
      "forget_auc": 0.8527210006204098,
      "forget_confidence": 0.061391644179821014,
      "retain_auc": 0.8481637544155938,
      "test_auc": 0.8358171435909457,
      "kl_div": 0.0013820488238707185,
      "js_divergence": 0.0003614650890428395,
      "ece": 0.004458526425532065,
      "elapsed_sec": 41.50058150291443,
      "relearn_steps": 10,
      "delta_eo": null,
      "original_forget_acc": 0.9400687110319379,
      "elapsed": 41.50058150291443
    },
    "sisa": {
      "forget_acc": 0.9401959536836748,
      "forget_auc": 0.8496133266061332,
      "forget_confidence": 0.055574920028448105,
      "retain_auc": 0.845082503380038,
      "test_auc": 0.8326641795248748,
      "kl_div": 0.0016316954279318452,
      "js_divergence": NaN,
      "ece": 0.007396542014039796,
      "elapsed_sec": 87.59683585166931,
      "relearn_steps": 10,
      "delta_eo": null,
      "original_forget_acc": 0.9400687110319379,
      "elapsed": 87.59683585166931
    },
    "influence_fn": {
      "forget_acc": 0.9400687110319379,
      "forget_auc": 0.8528627443039568,
      "forget_confidence": 0.051404260098934174,
      "retain_auc": 0.8480634939403087,
      "test_auc": 0.8358100262222037,
      "kl_div": 7.071799927871325e-07,
      "js_divergence": NaN,
      "ece": 0.010090240926118446,
      "elapsed_sec": 0.06445527076721191,
      "relearn_steps": 10,
      "delta_eo": null,
      "original_forget_acc": 0.9400687110319379,
      "elapsed": 0.06445527076721191
    },
    "random_labels": {
      "forget_acc": 0.9398142257284642,
      "forget_auc": 0.8498225672818456,
      "forget_confidence": 0.27742692828178406,
      "retain_auc": 0.8431639664638182,
      "test_auc": 0.8347285193268362,
      "kl_div": 0.2068282961845398,
      "js_divergence": NaN,
      "ece": 0.21652204759265462,
      "elapsed_sec": 88.69935274124146,
      "relearn_steps": 10,
      "delta_eo": null,
      "original_forget_acc": 0.9400687110319379,
      "elapsed": 88.69935274124146
    }
  },
  "lora": {
    "r8_f10pct": {
      "forget_acc": 0.9404504389871485,
      "forget_auc": 0.8493710405280064,
      "forget_confidence": 0.43377047777175903,
      "retain_auc": 0.8425653077702601,
      "test_auc": 0.8321755948757368,
      "kl_div": 0.42693740129470825,
      "js_divergence": 0.12986543204654993,
      "ece": 0.37185447889510154,
      "elapsed_sec": 488.2290644645691,
      "relearn_steps": 10,
      "delta_eo": null,
      "original_forget_acc": 0.9400687110319379,
      "elapsed": 488.2290644645691,
      "fa_elapsed": 24.793010473251343,
      "ra_elapsed": 463.43605399131775,
      "rank": 8,
      "forget_frac": 0.1
    }
  },
  "ablation": {},
  "mia": {}
}